{
  "minecraft:recipes/decorations/crafting_table": {
    "criteria": {
      "unlock_right_away": "2024-11-17 07:20:36 +0000"
    },
    "done": true
  },
  "minecraft:adventure/adventuring_time": {
    "criteria": {
      "minecraft:grove": "2024-11-17 07:20:56 +0000",
      "minecraft:jagged_peaks": "2024-11-17 07:20:37 +0000"
    },
    "done": false
  },
  "minecraft:adventure/root": {
    "criteria": {
      "killed_by_something": "2024-11-17 07:36:17 +0000"
    },
    "done": true
  },
  "DataVersion": 3465
}